<?xml version="1.0" encoding="UTF-8"?>
<!DOCTYPE mapper
PUBLIC "-//mybatis.org//DTD Mapper 3.0//EN"
"http://mybatis.org/dtd/mybatis-3-mapper.dtd"> 
<mapper namespace="com.javalec.ex.dao.BDao"> 

<resultMap id ="result" type="bdto"> 
	<result property = "bId" column = "bId"/> 
	<result property = "bName" column = "bName"/> 
	<result property = "bTitle" column = "bTitle"/> 
	<result property = "bContent" column = "bContent"/> 
	<result property = "bDate" column = "bDate"/> 
	<result property = "bHit" column = "bHit"/> 
	<result property = "bGroup" column = "bGroup"/> 
	<result property = "bStep" column = "bStep"/> 
	<result property = "bIndent" column = "bIndent"/> 
</resultMap>

<select id = "list" resultMap="result">
	<![CDATA[
	select bId, bName, bTitle, bContent, bDate, bHit, bGroup, bStep, bIndent 
	from mvc_board order by bGroup desc, bStep asc
	]]>
</select>

<select id = "contentView" parameterType="int" resultMap="result">
	SELECT * FROM MVC_BOARD WHERE BID=#{value}
</select>

<select id = "reply_view" parameterType="int" resultMap="result">
	SELECT * FROM MVC_BOARD WHERE BID=#{value}
</select>

<update id ="upHit" parameterType="int">
	UPDATE MVC_BOARD SET BHIT = BHIT+1 WHERE BID = #{value} 
</update>

<delete id="delete" parameterType="int">
	DELETE FROM MVC_BOARD WHERE BID=#{value}
</delete>

<insert id="reply" parameterType="bdto">
	INSERT INTO MVC_BOARD (bId,bName,bTitle,bContent,bDate, bHit,bGroup,bStep,bIndent) 
	VALUES (mvc_board_seq.nextval,#{bName},#{bTitle},#{bContent},SYSDATE,0,#{bGroup},#{bStep}+1,#{bIndent}+1)
</insert> 

<insert id="write" parameterType="bdto">
	INSERT INTO MVC_BOARD (bId, bName, bTitle, bContent,bDate ,bHit, bGroup, bStep, bIndent) 
	VALUES (mvc_board_seq.nextval,#{bName},#{bTitle},#{bContent},SYSDATE,0,mvc_board_seq.currval,0,0)
</insert> 

<update id ="modify" parameterType="bdto">
	UPDATE mvc_board SET bName=#{bName},
	bTitle=#{bTitle},bContent=#{bContent}
	WHERE BID = #{bId} 
</update>

<update id ="replyShape" parameterType="hashMap">
<![CDATA[
	UPDATE mvc_board SET bStep = #{bStep} + 1
	WHERE bGroup = #{bGroup} AND bStep > #{bStep}
]]>	
</update>

</mapper> 