<?xml version="1.0" encoding="UTF-8"?>
<!DOCTYPE mapper
PUBLIC "-//mybatis.org//DTD Mapper 3.0//EN"
"http://mybatis.org/dtd/mybatis-3-mapper.dtd"> 
<mapper namespace="com.sjw.dao.BookDAO"> 
<resultMap id ="result" type="book"> 
	<result property = "bookid" column = "BOOKID"/> 
	<result property = "bookname" column = "BOOKNAME"/> 
	<result property = "publisher" column = "PUBLISHER"/> 
	<result property = "price" column = "PRICE"/> 
</resultMap>
<select id = "selectAll" resultMap="result">
	<![CDATA[
	SELECT * FROM BOOK
	]]>
</select>
<insert id="insert" parameterType="book">
	INSERT INTO BOOK (BOOKID,BOOKNAME,PUBLISHER,PRICE) 
	VALUES (#{bookid},#{bookname},#{publisher},#{price})
</insert> 
<update id ="update" parameterType="book">
	UPDATE BOOK SET BOOKNAME=#{bookname},
	PUBLISHER=#{publisher},PRICE=#{price}
	WHERE BOOKID = #{bookid} 
</update>

<delete id="delete" parameterType="int">
	DELETE FROM BOOK WHERE BOOKID=#{bookid}
</delete>

<select id = "selectById" parameterType="int" resultMap="result">
	SELECT * FROM BOOK WHERE BOOKID=#{bookid}
</select>

<select id="maxIdNum" resultType="long">
	SELECT MAX(BOOKID) FROM BOOK 
</select>
</mapper> 