<?xml version="1.0" encoding="UTF-8"?>
<!DOCTYPE mapper
PUBLIC "-//mybatis.org//DTD Mapper 3.0//EN"
"http://mybatis.org/dtd/mybatis-3-mapper.dtd"> 

<mapper namespace="com.sjw.dao.CustomerDAO"> 
<resultMap id ="result" type="customer"> 
	<result property = "custid" column = "CUSTID"/> 
	<result property = "name" column = "NAME"/> 
	<result property = "address" column = "ADDRESS"/> 
	<result property = "phone" column = "PHONE"/> 
</resultMap>

<select id = "selectAll" resultMap="result">
	<![CDATA[
	SELECT * FROM CUSTOMER
	]]>
</select>

<insert id = "insert" parameterType="customer">
	<![CDATA[ 
	INSERT INTO CUSTOMER 
	(CUSTID,NAME,ADDRESS,PHONE)
	VALUES
	(#{custid},#{name},#{address},#{phone})
	]]>
</insert>

<update id ="update" parameterType="customer">
	UPDATE CUSTOMER SET NAME=#{name},
	ADDRESS=#{address},PHONE=#{phone}
	WHERE CUSTID = #{custid} 
</update>

<delete id="delete" parameterType="int">
	DELETE FROM CUSTOMER WHERE CUSTID=#{custid}
</delete>

<select id = "selectById" parameterType="int" resultMap="result">
	SELECT * FROM CUSTOMER WHERE CUSTID=#{custid}
</select>

</mapper> 