<?xml version="1.0" encoding="UTF-8"?>
<!DOCTYPE mapper
PUBLIC "-//mybatis.org//DTD Mapper 3.0//EN"
"http://mybatis.org/dtd/mybatis-3-mapper.dtd"> 
<mapper namespace="com.sjw.dao.OrdersDAO"> 
<resultMap id ="result" type="orders"> 
	<result property = "orderid" column = "ORDERID"/> 
	<result property = "custid" column = "CUSTID"/> 
	<result property = "bookid" column = "BOOKID"/> 
	<result property = "saleprice" column = "SALEPRICE"/> 
	<result property = "orderdate" column = "ORDERDATE"/> 
</resultMap>

<select id = "selectAll" resultMap="result">
	<![CDATA[
	SELECT * FROM ORDERS
	]]>
</select>

<insert id="insert" parameterType="orders">
	INSERT INTO ORDERS 
	(ORDERID,CUSTID,BOOKID,SALEPRICE,ORDERDATE)
	VALUES
	(#{orderid},#{custid},#{bookid},#{saleprice},#{orderdate}) 
</insert>

<update id ="update" parameterType="orders">
	UPDATE ORDERS SET CUSTID=#{custid},
	BOOKID=#{bookid},SALEPRICE=#{saleprice},ORDERDATE =#{orderdate}
	WHERE ORDERID = #{orderid} 
</update>

<delete id="delete" parameterType="int">
	DELETE FROM ORDERS WHERE ORDERID=#{orderid}
</delete>

<select id = "selectById" parameterType="int" resultMap="result">
	SELECT * FROM ORDERS WHERE ORDERID=#{orderid}
</select>
</mapper> 