<?xml version="1.0" encoding="UTF-8"?>
<!DOCTYPE mapper
    PUBLIC "-//mybatis.org//DTD Mapper 3.0//EN"
    "http://mybatis.org/dtd/mybatis-3-mapper.dtd">

<mapper namespace="com.java.board.dao.IDao">
	<insert id="write">
		insert into mvc_board (bId, bName, bTitle, bContent, bHit, bGroup, bStep, bIndent) values (mvc_board_seq.nextval, #{param1}, #{param2}, #{param3}, 0, mvc_board_seq.currval, 0, 0)
	</insert>
	
	<update id="modify">
		update mvc_board set bName = #{param1}, bTitle = #{param2}, bContent = #{param3} where bId = #{param4}	
	</update>
	
	<select id="list" resultType="com.java.board.dto.BDto">
		select bId, bName, bTitle, bContent, bDate, bHit, bGroup, bStep, bIndent from mvc_board order by bGroup desc, bStep asc
	</select>
	
	<delete id="delete">
		delete from mvc_board where bId = #{param1}
	</delete>
	
	<insert id="reply">
		insert into mvc_board (bId, bName, bTitle, bContent, bGroup, bStep, bIndent) values (mvc_board_seq.nextval, #{param1}, #{param2}, #{param3}, #{param4} ,#{param5}+1 ,#{param6}+1)
	</insert>
	
	<update id="upHit">
		update mvc_board set bHit = bHit + 1 where bId = #{param1}
	</update>
	
	<select id="content_view" resultType="com.java.board.dto.BDto">
		select * from mvc_board where bId = #{param1}
	</select>
	
	<select id="reply_view" resultType="com.java.board.dto.BDto">
		select * from mvc_board where bId = #{param1}
	</select>
	
	<update id="replyShape">
		update mvc_board set bStep = bStep + 1 where bGroup = #{param1,jdbcType=INTEGER} and bStep > #{param2,jdbcType=INTEGER}
	</update>
	


</mapper>
    