<?xml version="1.0" encoding="UTF-8"?>
<!DOCTYPE mapper

PUBLIC "-//mybatis.org//DTD Mapper 3.0//EN"

"http://mybatis.org/dtd/mybatis-3-mapper.dtd">

<mapper namespace="memberMapper">
	<update id="insertMember" parameterType="com.rp.dto.MemberDto">
		insert into member(id, pw, name, email, grade)
		values(#{id},#{pw},#{name},#{email},#{grade})
	</update>
	
	<select id="selectName" resultType="com.rp.dto.MemberDto" >
		select * from member
		where name=#{name}
	</select>
	
	<select id="selectMember" resultType="com.rp.dto.MemberDto" >
		select * from member
		where id=#{id}
	</select>
	
	<select id="selectAllMember" resultType="com.rp.dto.MemberDto" >
		select * from member
	</select>
	
	<update id="updateMember" parameterType="com.rp.dto.MemberDto"  >
		update member
		set pw=#{pw}, name=#{name}, email=#{email}, grade=#{grade}
		where id=#{id}
	</update>
	
	<update id="deleteMember">
		delete from member
		where id=#{id}
	</update>
	
	<select id="login" resultType="com.rp.dto.MemberDto">
		select id, name 
		from member
		where id=#{id} and pw=#{pw}
	</select>
	
	<select id="idcheck" resultType="com.rp.dto.MemberDto">
		select id from member 
		where id = #{id}
	</select>
	
	
	
 </mapper>