<?xml version="1.0" encoding="UTF-8"?>
<!DOCTYPE mapper

PUBLIC "-//mybatis.org//DTD Mapper 3.0//EN"

"http://mybatis.org/dtd/mybatis-3-mapper.dtd">

<mapper namespace="restaurantMapper">
	<update id="insertMenu" parameterType="com.rp.dto.MenuDto">
		insert into menu(menuno, restaurantno, typeno, menuname, menuprice)
		values(seq_menu.nextval,#{restaurantNo},#{typeNo},#{menuName},#{menuPrice})
	</update>
	
	<update id="updateMenu" parameterType="com.rp.dto.MenuDto"  >
		update menu
		set menuname=#{param1}, menuprice=#{param2}
		where menuno=#{param3}
	</update>
	
	<update id="deleteMenu">
		delete from menu
		where menuno=#{param1}
	</update>
	
	<update id="insertReview" parameterType="com.rp.dto.ReviewDto">
		insert into review(reviewno,title,content,reviewdate, restaurantno, typeno,id)
		values(seq_review.nextval,#{title},#{content},#{reviewDate},#{restaurantNo},#{typeNo},#{id})
	</update>
	
	<update id="updateReview" parameterType="com.rp.dto.ReviewDto"  >
		update review
		set title=#{param1}, content=#{param2},reviewdate=#{param3}
		where menuno=#{param3}
	</update>
	
	<update id="deleteReview">
		delete from review
		where reviewno=#{param1}
	</update>
	<update id="deleteReview1">
		delete from review
		where restaurantNo=#{param1}
	</update>
	<update id="deleteReview2">
		delete from review
		where id=#{id}
	</update>
	
	<update id="insertSeat" parameterType="com.rp.dto.SeatDto">
		insert into seat(seatno, restaurantno, typeno, seatnum, seat)
		values(seq_seat.nextval,#{restaurantNo},#{typeNo},#{seatNum},#{seat})
	</update>
	
	<update id="updateSeat" parameterType="com.rp.dto.SeatDto"  >
		update seat
		set seatnum=#{param1}, seat=#{param2}
		where seatno=#{param3}
	</update>
	
	<update id="deleteSeat">
		delete from seat
		where seatno=#{param1}
	</update>
	
	<update id="insertReservation" parameterType="com.rp.dto.ReservationDto">
		insert into reservation(reservationno,seatno, restaurantno, typeno, menuno, reservationtime,id)
		values(seq_reservation.nextval,#{seatNo},#{restaurantNo},#{typeNo},#{menuNo},#{reservationTime},#{id})
	</update>
	
	<update id="updateReservation" parameterType="com.rp.dto.ReservationDto"  >
		update reservation
		set reservationtime=#{param1}
		where reservationno=#{param2}
	</update>
	
	<update id="deleteReservation">
		delete from reservation
		where reservationno=#{param1}
	</update>
	
	<update id="insertRestaurant" parameterType="com.rp.dto.RestaurantDto">
		insert into restaurant(restaurantno, typeno, restaurantname, id,hit)
		values(seq_restaurant.nextval,#{typeNo},#{restaurantName},#{id},0)
	</update>

	<update id="insertRestaurant1" parameterType="com.rp.dto.RestaurantDto">
		insert into restaurant(restaurantno, typeno, restaurantname, id,hit)
		values(seq_restaurant.nextval,1,#{restaurantName},#{id},0)
	</update>
	
	<update id="insertRestaurant2" parameterType="com.rp.dto.RestaurantDto">
		insert into restaurant(restaurantno, typeno, restaurantname, id,hit)
		values(seq_restaurant.nextval,2,#{restaurantName},#{id},0)
	</update>
	
	<update id="insertRestaurant5" parameterType="com.rp.dto.RestaurantDto">
		insert into restaurant(restaurantno, typeno, restaurantname, id,hit)
		values(seq_restaurant.nextval,5,#{restaurantName},#{id},0)
	</update>
	
	<update id="insertRestaurant7" parameterType="com.rp.dto.RestaurantDto">
		insert into restaurant(restaurantno, typeno, restaurantname, id,hit)
		values(seq_restaurant.nextval,7,#{restaurantName},#{id},0)
	</update>
	
	<update id="updateRestaurant" parameterType="com.rp.dto.RestaurantDto"  >
		update restaurant
		set restaurantname=#{param1}
		where restaurantno=#{param2}
	</update>
	
	<update id="deleteRestaurant" >
		delete from restaurant
		where restaurantNo=#{restaurantNo}
	</update>
	
	<update id="upHit" parameterType="com.rp.dto.RestaurantDto">
	update restaurant set hit = hit + 1 where restaurantNo = #{param1}
	</update>
	<update id="upHit1" parameterType="com.rp.dto.RestaurantDto">
	update restaurant set hit = hit + 1 where restaurantNo = #{restaurantNo}
	</update>
	<update id="upHit2" parameterType="com.rp.dto.RestaurantDto">
	update restaurant set hit = hit + 1 where restaurantNo = #{restaurantNo}
	</update>
	<update id="upHit3" parameterType="com.rp.dto.RestaurantDto">
	update restaurant set hit = hit + 1 where restaurantNo = #{restaurantNo}
	</update>
	<update id="upHit4" parameterType="com.rp.dto.RestaurantDto">
	update restaurant set hit = hit + 1 where restaurantNo = #{restaurantNo}
	</update>
	
	<update id="insertType" parameterType="com.rp.dto.TypeDto">
		insert into type(typeno,foodtype)
		values(seq_type.nextval,#{foodType})
	</update>
	
	<update id="updateType" parameterType="com.rp.dto.TypeDto"  >
		update type
		set foodtype=#{foodType}
		where typeno=#{typeNo}
	</update>
	
	<update id="deleteType">
		delete from type
		where typeNo=#{typeNo}
	</update>
	
	<select id="selectMenuNo" resultType="com.rp.dto.MenuDto" >
		select * from menu
		where menuno=#{menuNo}
	</select>
	
	<select id="selectMAll" resultType="com.rp.dto.MenuDto" >
		select * from menu
	</select>
	
	<select id="selectReviewNo" resultType="com.rp.dto.ReviewDto" >
		select * from Review
		where Reviewno=#{reviewNo}
	</select>
	<select id="select1" resultType="com.rp.dto.ReviewDto" >
		select * from Review
		where restaurantNo=#{restaurantNo}
	</select>
	
	<select id="selectReAll" resultType="com.rp.dto.ReviewDto" >
		select * from Review
	</select>
	
	<select id="selectSeatNo" resultType="com.rp.dto.SeatDto" >
		select * from Seat
		where Seatno=#{seatNo}
	</select>
	
	<select id="selectSAll" resultType="com.rp.dto.SeatDto" >
		select * from Seat
	</select>
	
	<select id="selectReservationNo" resultType="com.rp.dto.ReservationDto" >
		select * from Reservation
		where reservationNo=#{reservationNo}
	</select>
	
	<select id="selectResAll" resultType="com.rp.dto.ReservationDto" >
		select * from Reservation
	</select>
	
	<select id="selectRestaurantNo" resultType="com.rp.dto.RestaurantDto" >
		select * from restaurant
		where restaurantno=#{restaurantNo}
	</select>
	
	<select id="selectRAll" resultType="com.rp.dto.RestaurantDto" >
		select * from Restaurant
	</select>
	
	<select id="selectTypeNo" resultType="com.rp.dto.TypeDto" >
		select * from Type
		where Typeno=#{TypeNo}
	</select>
	
	<select id="selectTAll" resultType="com.rp.dto.TypeDto" >
		select * from Type
	</select>
	
	<select id="rCheck" resultType="com.rp.dto.RCheck">
		select foodtype,restaurantname,menuname,seat,reservationtime,id
		from rCheck 
		where id=#{id}
	</select>	
	
</mapper>