<?xml version="1.0" encoding="UTF-8"?>
<!DOCTYPE configuration
PUBLIC "-//mybatis.org//DTD Config 3.0//EN"
"http://mybatis.apache.org/dtd/mybatis-3-config.dtd"> 
<configuration> 
   <typeAliases>
   	<typeAlias type="com.javalec.ex.dto.BDto" alias="bdto"/>
    </typeAliases>
   
   <environments default = "development">
      <environment id = "development">
         <transactionManager type = "JDBC"/>  
            <dataSource type = "POOLED">
               <property name = "driver" value = "oracle.jdbc.driver.OracleDriver"/>
               <property name = "url" value = "jdbc:oracle:thin:@127.0.0.1:1521:xe"/>
               <property name = "username" value = "mvcboard"/>
               <property name = "password" value = "mvcboard"/>
	            <property name="poolMaximumActiveConnections" value="20"/>
	            <property name="poolMaximumIdleConnections" value="20"/>
	            <property name="poolMaximumCheckoutTime" value="20000"/>
	            <property name="poolPingEnabled" value="true"/>
	            <property name="poolPingQuery" value="select 1"/>
	            <property name="poolPingConnectionsNotUsedFor" value="10000"/>
	            <property name="poolTimeToWait" value="15000"/>

         
            </dataSource>        
      </environment>
   </environments>
	
   <mappers>
      <mapper resource = "com/sjw/xml/MvcBoard.xml"/>
   </mappers>
   
</configuration>